ccdVisitId,Field_fieldID,expMJD,Ixx_PSF,apFluxErr,sky,filter
2340,1188,59583.123341,0.2010399739459787,0.0980303144377066,22.197691,u
5767,1188,59588.039067,0.19946952738206045,0.6023298630142118,17.0,y
8004,1188,59591.084162,0.10672381439446313,0.15789195264031558,18.321369,z
8046,1188,59591.105687,0.1308086398142445,0.17651043923580198,18.305078,z
12455,1188,59597.083856,0.16204520018300955,0.47765287450416666,17.3,y
12484,1188,59597.097485,0.14292799374166557,0.45075608235754344,17.3,y
13276,1188,59598.11369,0.29743158294545696,0.2940998450297272,18.095105,z
13330,1188,59598.139903,0.3304670217592987,0.3321605077165244,17.957957,z
32633,1188,59624.020446,0.2574217114552539,0.44925818234500586,17.0,z
32676,1188,59624.040405,0.284140118075496,0.473633481790997,17.0,z
37646,1188,59630.031508,0.07977322353162622,0.3906965674602847,17.0,y
37651,1188,59630.033787,0.08134250948633687,0.3950535744604722,17.0,y
48941,1188,59645.008289,0.1518169858501275,0.34835816616626525,17.0,z
55229,1188,59653.003621,0.3499953139593626,0.8403588840247908,17.0,y
159480,1188,59791.352914,0.22189691131074046,0.038067573563893946,21.746497,g
159493,1188,59791.359686,0.26028749293097936,0.040508372567805165,21.771081,g
162700,1188,59798.315664,0.3784661850749788,0.09073574212593308,20.399271,r
166964,1188,59802.417485,0.09591073161319105,0.41952321252919883,17.0,y
167875,1188,59803.358336,0.1027031494214791,0.3870707871551955,17.3,y
169839,1188,59805.34956,0.1096373571767746,0.4007397248540361,17.3,y
174534,1188,59810.349798,0.1587610329679225,0.09192947833438872,19.616436,i
174578,1188,59810.370605,0.0958681254282014,0.06998091162941625,19.651657,i
177422,1188,59813.363729,0.086382299430448,0.05177794330847988,20.224286,i
177481,1188,59813.399332,0.10289131534861974,0.05583416114514139,20.240797,i
179970,1188,59819.276664,0.26057529041987465,0.13407283590551455,21.99722,u
181869,1188,59821.276123,0.15622940308816533,0.042826442073299345,21.075226,r
181901,1188,59821.290654,0.19130973738849663,0.046013449853074345,21.124052,r
189389,1188,59832.278034,0.15363355213314667,0.4737342622324544,17.3,y
190269,1188,59835.244416,0.07908313756353706,0.3463305444816645,17.3,y
192350,1188,59837.379747,0.09059592970485178,0.08490068527548456,19.138869,i
193112,1188,59839.317115,0.1489984465414243,0.048057590854467924,20.665971,r
193145,1188,59839.332807,0.10116917007921869,0.039509432863477405,20.666763,r
193282,1188,59839.399964,0.075972353624211,0.24323899237379987,17.0,z
193782,1188,59840.212227,0.1314853048330954,0.03072050818895735,21.650654,g
193822,1188,59840.23363,0.14045099059838942,0.038433965473476855,21.128559,g
197706,1188,59844.398517,0.11042365662682027,0.293569407057667,17.0,z
200737,1188,59851.210381,0.23752883583558956,0.11919586665272715,22.069171,u
206041,1188,59859.165464,0.11821592206424408,0.42901412933828426,17.3,y
207783,1188,59861.164201,0.17424761650250217,0.518582187883896,17.3,y
207797,1188,59861.170463,0.15952370947220826,0.49319923655895287,17.3,y
209031,1188,59862.338275,0.07316730424197977,0.1909031944534602,17.488622,z
209082,1188,59862.363517,0.08881200480144798,0.207459437326767,17.524524,z
211101,1188,59866.144018,0.18605856312625757,0.12498088501338175,19.155032,i
211146,1188,59866.165311,0.15585666099186726,0.11398014251657355,19.13778,i
211197,1188,59866.188413,0.11490631790752395,0.09769708271670453,19.121831,i
211229,1188,59866.203465,0.15047441728157585,0.11147574813486771,19.118608,i
212084,1188,59867.220834,0.095228858043074,0.04326341481565353,20.400761,r
212126,1188,59867.244884,0.08131392865162294,0.04026613967339905,20.374001,r
212710,1188,59868.131027,0.10644902701962139,0.03680126909913811,21.01096,r
212746,1188,59868.148145,0.0972987309226924,0.03377144128304152,21.076484,r
219923,1188,59877.126886,0.09528967348484775,0.03318409634843254,21.088135,r
219946,1188,59877.137369,0.09905590506266522,0.03313416233500388,21.122819,r
226984,1188,59886.113061,0.09134880956862532,0.14178085652005284,18.417354,z
227030,1188,59886.136287,0.06286531358451732,0.11278070255849089,18.496978,z
227884,1188,59887.172332,0.07828693530955949,0.0824769886114287,19.049839,i
227918,1188,59887.18764,0.07560899885474268,0.07966075086602155,19.083816,i
235057,1188,59904.0736,0.22915435858252514,0.11453072124851041,22.092801,u
238588,1188,59909.027381,0.1686439376795757,0.37054554454898386,17.0,z
238624,1188,59909.043698,0.12625995012964109,0.11472318502153085,19.256665,z
242275,1188,59914.039268,0.1303274276714922,0.5054046061436985,17.0,y
244023,1188,59916.197901,0.09826359012162146,0.08951627373571877,19.117741,i
244068,1188,59916.219661,0.11658540423798383,0.09638964830313156,19.151664,i
252380,1188,59929.125771,0.1456959237703575,0.036246459827273717,21.303993,r
252424,1188,59929.148099,0.12359845410507425,0.033617049657171064,21.291309,r
254357,1188,59932.113189,0.05906380474353586,0.016666883343160004,21.995036,g
254378,1188,59932.126163,0.06183738125772141,0.017099648993267137,21.990602,g
263455,1188,59946.186585,0.20431833469710275,0.14591098715267503,18.886955,i
263503,1188,59946.210353,0.1697524476943669,0.13476105294981086,18.885273,i
265317,1188,59949.074753,0.1432090882405534,0.2076733629379517,18.037656,z
265346,1188,59949.090418,0.11633295316297025,0.1893625074412437,18.013535,z
266164,1188,59950.134199,0.13644803830204802,0.4410176753024674,17.3,y
277093,1188,59968.100552,0.23129791120983256,0.11088295612710555,22.130427,u
282396,1188,59978.088904,0.06328873006821116,0.3054681928741232,17.3,y
291852,1188,59991.022323,0.13750609637552608,0.5076588897861414,17.0,y
292656,1188,59992.023368,0.07816697382561054,0.24797733917655332,17.0,z
295140,1188,59995.025189,0.10671798777965708,0.2902950267335408,17.0,z
300251,1188,60001.075581,0.29277214815771685,0.07157062267621836,20.654044,r
314974,1188,60019.006593,0.1931836141875781,0.395999279421465,17.0,z
316734,1188,60021.008969,0.11452114086415878,0.30592515987143815,17.0,z
390563,1188,60132.418695,0.10896738465286582,0.41129061116786303,17.3,y
390569,1188,60132.421376,0.11054194270000142,0.41310684933552383,17.3,y
397285,1188,60142.379314,0.27005852748316306,0.10760875224769484,19.927495,i
397331,1188,60142.40155,0.21763035214272808,0.0919166093680769,20.011454,i
398407,1188,60143.418209,0.19213048228450189,0.04534109410369348,21.152572,r
400355,1188,60145.373785,0.20682405268577284,0.03780022593550855,21.708346,g
400391,1188,60145.390637,0.174883162149199,0.03318287382366325,21.771984,g
406952,1188,60158.387292,0.10242407747049209,0.38631573316741463,17.3,y
406996,1188,60158.40706,0.10441327102569223,0.3861332457836967,17.3,y
407950,1188,60159.358768,0.15154508554917306,0.4786966581979388,17.3,y
408907,1188,60160.338262,0.14141645211041542,0.2299088005297154,17.852895,z
408942,1188,60160.354646,0.11998305620289192,0.20357422759683902,17.925726,z
415029,1188,60166.411334,0.11252117993918592,0.03585132373091104,21.029702,r
417007,1188,60175.315557,0.14096965861736566,0.03994367281295672,21.105338,r
417051,1188,60175.336658,0.12287661883342121,0.035917954475404926,21.1688,r
419773,1188,60178.338502,0.10513960481398421,0.023834716777086973,21.884534,g
419806,1188,60178.353451,0.09188403803222567,0.021810699571477774,21.917697,g
420803,1188,60179.362856,0.15561969326772201,0.07110942971080478,20.17018,i
420830,1188,60179.375614,0.14126414378747065,0.06704123339657625,20.189614,i
425484,1188,60184.262781,0.16804073142215825,0.5191379713350165,17.3,y
427030,1188,60187.325259,0.17914502575367697,0.2856703689332617,17.597613,z
427082,1188,60187.351202,0.1720652564795515,0.2682815431099232,17.683038,z
428492,1188,60193.32214,0.1668705192909919,0.0947036670247233,19.593901,i
428525,1188,60193.338673,0.18833908154836673,0.09963675977274877,19.609457,i
431193,1188,60198.247888,0.3200891881820721,0.14388900043854078,22.028839,u
433036,1188,60200.236733,0.20557217289121169,0.1176891417236815,22.008638,u
433962,1188,60201.244043,0.1449884355295789,0.07449906045269919,20.023601,i
433996,1188,60201.259722,0.11920881670938861,0.06570445172716742,20.072223,i
443156,1188,60215.2484,0.20873538334689554,0.5466931039231414,17.3,y
444698,1188,60217.204758,0.11596679220864022,0.41723198655870924,17.3,y
444706,1188,60217.208333,0.11961970924128915,0.4225596222902965,17.3,y
444725,1188,60217.21683,0.13607746150580038,0.4479343787971401,17.3,y
447915,1188,60223.37501,0.12105748988579082,0.20024127212459764,17.279981,r
448314,1188,60224.166501,0.15815146451518255,0.04373343557831097,21.051192,r
451453,1188,60232.131274,0.16328693247091947,0.04596186001238524,20.997936,r
451489,1188,60232.148124,0.13627804966932386,0.04027229650059164,21.064136,r
451503,1188,60232.154452,0.12105660336573817,0.03743401376102732,21.086754,r
451540,1188,60232.171659,0.09796403578406754,0.03257403777409058,21.142221,r
451756,1188,60232.273043,0.33842586795346985,0.05524121164009889,21.304037,r
451798,1188,60232.294025,0.29217870459834505,0.05131462927419829,21.304521,r
452561,1188,60234.14199,0.11652857164152407,0.03729707687179135,21.061656,r
452596,1188,60234.157937,0.10954091874565959,0.03497428104981244,21.116555,r
457677,1188,60241.215735,0.10524262762429457,0.07965554174767296,19.45521,i
457713,1188,60241.2324,0.1062407466369711,0.0780013996433574,19.509547,i
458255,1188,60242.108255,0.10147872212551229,0.4014797043508632,17.3,y
461479,1188,60246.115039,0.10460711676187694,0.39993369503898485,17.3,y
462671,1188,60247.289715,0.23615656478453861,0.29990575223127947,17.783688,z
462718,1188,60247.31384,0.30128760973595886,0.34122213474333835,17.773915,z
466705,1188,60261.070265,0.24503680441258205,0.12844712726494115,22.008966,u
466710,1188,60261.072506,0.26349558018898217,0.13210887542894498,22.017025,u
472018,1188,60269.102366,0.11929240538254482,0.0810342833497821,19.573102,i
472072,1188,60269.12913,0.09482592299088294,0.06976185106365504,19.640464,i
474849,1188,60273.051802,0.1972159153523064,0.29341235399379273,17.664658,z
474892,1188,60273.072015,0.13212481395674486,0.23299488967714654,17.718984,z
475692,1188,60274.100001,0.15755587899279536,0.47248627306628377,17.3,y
476286,1188,60275.027183,0.25426377651226423,0.454629482056825,17.0,z
476322,1188,60275.043937,0.2348014386405627,0.3513862762404162,17.462454,z
479264,1188,60279.054537,0.314959734924933,0.04181965018252366,21.863746,g
479296,1188,60279.069899,0.31221736542345935,0.04063168151299867,21.901206,g
479591,1188,60279.213236,0.12609311531862508,0.09220158686106718,19.333723,i
479621,1188,60279.227089,0.16624452272609286,0.10854394345529476,19.28353,i
484861,1188,60290.02995,0.11125723822421386,0.2967131510026206,17.0,z
484901,1188,60290.04832,0.0989305771333143,0.2788125995586523,17.0,z
496959,1188,60309.215137,0.1471059675720728,0.11682204264818345,19.041907,i
496986,1188,60309.227274,0.14438527780442265,0.12058975023834102,18.968427,i
500122,1188,60314.054901,0.09322687455487169,0.41173026866736084,17.0,y
510364,1188,60328.03401,0.3981886281109319,0.8511372457778364,17.0,y
510398,1188,60328.050494,0.40275553595194447,0.8573654841106446,17.0,y
517994,1188,60338.1229,0.1940629863796897,0.133914620734099,19.030243,i
518028,1188,60338.138763,0.21174527464218956,0.1497429537931361,18.898647,i
532824,1188,60362.072482,0.17880224602786457,0.529444444601659,17.3,y
538394,1188,60369.011937,0.15117269378106907,0.3463222510432571,17.0,z
538434,1188,60369.030367,0.16343660219606526,0.1578089374459739,18.826659,z
539201,1188,60370.008397,0.16973145258624533,0.36689483304892095,17.0,z
539238,1188,60370.025315,0.18209945051087026,0.3817557575144187,17.0,z
631519,1188,60518.426288,0.12375705753261206,0.4812988186089612,17.0,y
631550,1188,60518.440263,0.11923990240821895,0.46983784478164736,17.0,y
633683,1188,60524.339144,0.2161561601030958,0.03830871597899015,21.720016,g
633728,1188,60524.362636,0.19058009570389595,0.03386519616910254,21.804278,g
635793,1188,60528.317727,0.19294365716540474,0.09210347065870035,19.9069,i
635827,1188,60528.333223,0.17530536833744834,0.08455544814801405,19.969349,i
637850,1188,60530.343052,0.1669853782265944,0.03193169671085998,21.793774,g
637877,1188,60530.355203,0.157922883298857,0.03024867777961705,21.831978,g
638786,1188,60531.31317,0.22029389189918863,0.05323847364139507,21.00222,r
638818,1188,60531.327632,0.20198702989947726,0.049181842610610836,21.059109,r
646611,1188,60540.348738,0.09898053846093167,0.3782366389216936,17.3,y
646791,1188,60540.430593,0.08533532709509384,0.3939841909805276,17.0,y
647551,1188,60541.309541,0.1812028127980501,0.5250525785608043,17.3,y
647576,1188,60541.320754,0.1717138356589356,0.5063523100872203,17.3,y
648510,1188,60542.294291,0.1857143527526291,0.31087600027305473,17.488455,z
648548,1188,60542.312281,0.16890458060786265,0.2832117031080173,17.57402,z
654464,1188,60549.27224,0.1642937140264056,0.08587500901597647,19.864394,i
654496,1188,60549.286758,0.15162643161907188,0.0802969030964465,19.907512,i
660229,1188,60557.258033,0.12884642708779115,0.09359434205689814,22.004247,u
660231,1188,60557.258927,0.12821734444383123,0.09305257500099365,22.007514,u
660244,1188,60557.264749,0.12432449964073299,0.08973139007133361,22.028207,u
661877,1188,60559.409362,0.09257555676600711,0.2682106358058388,17.0,z
664541,1188,60567.210382,0.09105128170472576,0.3842929309077777,17.3,y
665656,1188,60568.301419,0.0781230505594142,0.07665964356977764,19.2131,i
665695,1188,60568.319356,0.07551631238002728,0.07217473461501277,19.304035,i
667133,1188,60570.254978,0.10006810117887568,0.3829344121267073,17.3,y
669788,1188,60574.224449,0.1226564053502232,0.43056269190443264,17.3,y
671593,1188,60578.235864,0.3172106714298461,0.04512059267905813,21.680391,g
671624,1188,60578.250241,0.30178663945100515,0.05198571190269654,21.252269,g
671824,1188,60578.350819,0.23309661182579386,0.051913223364182595,21.00411,r
671875,1188,60578.377385,0.2390192569876174,0.05363007393221288,20.962592,r
676160,1188,60583.297316,0.17978367080344462,0.04041338197217252,21.29721,r
676221,1188,60583.328937,0.17779199140732452,0.040011017483480134,21.305338,r
676796,1188,60584.20321,0.1477131434876699,0.040331761994012345,21.128225,r
676831,1188,60584.219593,0.13803697337008114,0.03792891292789508,21.175162,r
677633,1188,60585.188134,0.1331842946918201,0.09292607538577594,22.027641,u
678507,1188,60586.191222,0.09709722608065845,0.06083495563391207,20.027335,i
678546,1188,60586.208816,0.08983165484107455,0.056760837612830475,20.080832,i
682771,1188,60591.167269,0.09675269030301588,0.058609497199750005,20.121693,i
682810,1188,60591.185047,0.08864250252141982,0.05826326196465463,20.014182,i
687264,1188,60597.154223,0.2908726828682001,0.6667109617697162,17.3,y
687560,1188,60597.29806,0.24118374637414713,0.12530499850796828,19.363443,i
687599,1188,60597.317737,0.24497752815491655,0.12085527075574556,19.46511,i
691019,1188,60601.337088,0.0726742034661476,0.17536591907364335,17.672146,z
691054,1188,60601.354338,0.07596837398871313,0.178540191256216,17.687057,z
692583,1188,60603.297275,0.06871102854883662,0.0812733938636935,18.93004,i
692613,1188,60603.311274,0.06991467639957302,0.08238762729462443,18.922101,i
694220,1188,60605.301863,0.08607080159069545,0.040499754969299924,20.425906,r
694246,1188,60605.314434,0.08777904954323489,0.04139070232619853,20.403167,r
694269,1188,60605.325104,0.08968178266523875,0.04231636901240572,20.382195,r
694818,1188,60606.204342,0.17890784755457187,0.04502440638507167,20.942439,g
694824,1188,60606.209817,0.15811735254259124,0.044008361121174,20.946026,r
694850,1188,60606.221498,0.15488580448566847,0.04388979937715482,20.922905,r
697808,1188,60610.103823,0.09695330859415956,0.025694323969337702,21.718025,g
697846,1188,60610.12406,0.08678516036941111,0.023049929195336525,21.791913,g
699456,1188,60612.130806,0.07272435467804016,0.06525328736243223,22.080569,u
707632,1188,60625.054564,0.17903719800497345,0.21793309955987708,18.242035,z
707662,1188,60625.068402,0.164470020870648,0.2018555968815563,18.303365,z
708496,1188,60626.093029,0.14085838946012447,0.4571201816981379,17.3,y
709966,1188,60628.072634,0.21209481374845027,0.5677202634942358,17.3,y
709968,1188,60628.073527,0.21114500706728745,0.565996825879812,17.3,y
711820,1188,60630.217988,0.22961442099433124,0.3237436029373678,17.581813,z
711856,1188,60630.234862,0.23388950782308554,0.3273973769988937,17.579643,z
722430,1188,60648.07515,0.08958719102317646,0.029404729978655897,21.243455,r
722452,1188,60648.08555,0.08718268900164529,0.028680848514708267,21.263992,r
724460,1188,60651.031854,0.12839744696678915,0.3194805295830029,17.0,z
724499,1188,60651.049809,0.12038201872612053,0.115121170235744,19.173031,z
729386,1188,60658.040767,0.1326093299634733,0.3228042141067986,17.0,z
729437,1188,60658.06618,0.12504576360118239,0.21164031325088578,17.852276,z
731753,1188,60661.157789,0.08239377888255851,0.08586789086844071,19.014072,i
731783,1188,60661.171565,0.08460004397010402,0.08897303303834818,18.969149,i
731790,1188,60661.174745,0.08520338591497373,0.08975428584092307,18.958895,i
733723,1188,60664.204058,0.12056302124119771,0.05048398112195133,20.347336,r
738897,1188,60672.034088,0.051089565741856774,0.3063540285456146,17.0,y
743775,1188,60679.048022,0.09572774984314687,0.4173549758377174,17.0,y
750199,1188,60688.075806,0.09964003039687334,0.17293623339117098,18.04409,z
750233,1188,60688.091913,0.10234037558058014,0.17966918411680485,17.992745,z
753433,1188,60693.047446,0.06357301072843949,0.3404687024933969,17.0,y
755161,1188,60695.171345,0.19021394553389168,0.06649362283355732,20.318114,r
759546,1188,60701.122713,0.08839082523715378,0.031457890447499096,21.114381,r
759588,1188,60701.142386,0.09808529221323184,0.0345853038602045,21.044499,r
760254,1188,60702.093589,0.11397311565821605,0.07816695524365053,22.129414,u
764480,1188,60708.027375,0.051637958342715264,0.3079532527406443,17.0,y
778026,1188,60725.019712,0.07868048284340308,0.2489334142142657,17.0,z
778058,1188,60725.034181,0.08261138485028122,0.25583525740747226,17.0,z
781365,1188,60730.040993,0.17303828554309783,0.03209542978748651,21.812102,g
781407,1188,60730.060413,0.1911147576812059,0.035364440838273004,21.745099,g
788755,1188,60740.015638,0.20440741080926428,0.6355018156182192,17.0,y
791367,1188,60743.016206,0.16626737896708227,0.5775404350403124,17.0,y
796363,1188,60753.008339,0.08506188593361945,0.26409026700504834,17.0,z
799048,1188,60755.995025,0.0763764767611957,0.39725191153456973,17.0,y
879108,1188,60870.392208,0.2114897541092244,0.5767606142264557,17.3,y
885338,1188,60878.394438,0.1773006328399422,0.10910212152525263,21.881234,u
893766,1188,60887.387063,0.19596718499564417,0.08348029895433773,20.088385,i
893796,1188,60887.401525,0.1861274434439433,0.07973599089553096,20.124558,i
899724,1188,60894.383107,0.13183816891266562,0.1710560328730967,18.391235,z
899754,1188,60894.399519,0.1257167098481242,0.15683001921378656,18.524649,z
902755,1188,60897.380657,0.08550163885143233,0.17240664302108827,17.894334,z
902795,1188,60897.40068,0.08116577641515704,0.16159413555763436,17.972844,z
904818,1188,60899.418009,0.08641275612433941,0.3978784300788472,17.0,y
904829,1188,60899.422957,0.08586237050538352,0.39625175221040243,17.0,y
908959,1188,60904.376648,0.07935206522905015,0.03138493226291392,20.939161,r
908970,1188,60904.381629,0.07819547119320287,0.03100676056673683,20.946797,r
909772,1188,60905.303718,0.24839057627763103,0.054332338237844946,21.068225,r
909806,1188,60905.318988,0.229538322253538,0.05191671389226084,21.058098,r
910006,1188,60905.409866,0.17761190276002717,0.04257685668202016,21.156958,r
913817,1188,60910.361684,0.24327127064111606,0.04823767816751896,21.250578,r
913855,1188,60910.3797,0.23478662307283324,0.04672012495700762,21.27618,r
914653,1188,60911.284824,0.25224680088705065,0.13295650661724628,21.989686,u
914675,1188,60911.295006,0.23866021797490156,0.12451440443992694,22.026676,u
915711,1188,60912.324291,0.13183570184643792,0.06791273106254589,20.103042,i
915747,1188,60912.34179,0.12450394576431748,0.0645385487909507,20.143468,i
921227,1188,60934.218491,0.1189400652607792,0.02828918238635821,21.726107,g
921274,1188,60934.241437,0.10534184161798703,0.025121223978693135,21.807527,g
924057,1188,60937.250342,0.14077201878149512,0.07076667582712291,20.088063,i
924086,1188,60937.263459,0.134268856922013,0.06784702288700836,20.121251,i
924880,1188,60938.204042,0.2616207581851617,0.057283348358088515,21.022175,r
924903,1188,60938.214908,0.2455979715058187,0.05407219450621019,21.063881,r
928520,1188,60942.199598,0.34299718416089553,0.06455477855192968,21.047474,r
928555,1188,60942.215487,0.31520716496026313,0.059772634186970854,21.104118,r
929439,1188,60943.202747,0.15807615288788449,0.07935406806726028,19.989323,i
929477,1188,60943.219996,0.1450806189520425,0.07351128182561088,20.047431,i
930324,1188,60944.194498,0.12176656047827732,0.07049183169898088,19.968839,i
930353,1188,60944.20799,0.11326827893565253,0.06608815012054282,20.017279,i
936444,1188,60952.19422,0.17044250826290824,0.5051011946154605,17.3,y
936446,1188,60952.195113,0.1697461490255958,0.503715361720968,17.3,y
937370,1188,60954.216734,0.16715721985556675,0.49124030876314484,17.3,y
938247,1188,60955.210186,0.1567905280208034,0.476740003866173,17.3,y
939904,1188,60957.198003,0.10355849503439937,0.19533047027258904,17.839107,z
939927,1188,60957.208414,0.0997953180307898,0.1891857389535288,17.863637,z
943200,1188,60961.183296,0.2178384152455867,0.03500621821357807,21.853945,g
943241,1188,60961.202381,0.20360182584021208,0.03682239188169402,21.610885,g
943296,1188,60961.232745,0.16759572908784043,0.04464273522917562,20.982912,r
943326,1188,60961.246307,0.16375779940622365,0.04401444152096061,20.983372,r
945637,1188,60964.168396,0.12260881759263707,0.06691452442100236,20.064813,i
945667,1188,60964.182325,0.11605039392375965,0.06371580811189648,20.103085,i
947332,1188,60966.169726,0.21976960288497616,0.1110069053759323,22.104172,u
949594,1188,60971.124823,0.20299179301207101,0.11751280575133885,22.003951,u
951283,1188,60973.151493,0.08230676811584622,0.05415627634523944,20.086583,i
951322,1188,60973.169644,0.07722735012318295,0.05116898421928667,20.131351,i
953498,1188,60976.091481,0.20775597181942376,0.10135267036856058,19.773009,i
953552,1188,60976.118359,0.17740936739172833,0.08681668438103729,19.908283,i
958568,1188,60991.050033,0.3497134894268481,0.06789127982275936,20.983592,r
958613,1188,60991.070506,0.30874798054811103,0.06058484423747994,21.065,r
958619,1188,60991.073206,0.30425612451854483,0.05978111289337258,21.0748,r
958654,1188,60991.088973,0.2814883606429833,0.05569835843599917,21.12755,r
960204,1188,60993.107753,0.20328884470293074,0.033141548439414296,21.884572,g
960247,1188,60993.127074,0.19168400524660925,0.03133109660348706,21.92628,g
961641,1188,60995.068244,0.19267327795030997,0.11088877751758652,22.035608,u
968950,1188,61006.023313,0.14332546180415187,0.3416866380441568,17.0,z
968990,1188,61006.041535,0.13003875850336777,0.32322727112408034,17.0,z
969971,1188,61007.173294,0.30522665281162187,0.05959990886618127,20.995959,r
970013,1188,61007.193454,0.3096405657520214,0.05877291018475032,21.049901,r
971051,1188,61010.024174,0.16391593728526901,0.3637066114021891,17.0,z
971084,1188,61010.039168,0.152514718352782,0.3491181243601199,17.0,z
975859,1188,61017.03206,0.10655878856541394,0.4530160569563931,17.0,y
976090,1188,61017.143229,0.09610836912109283,0.07137136381805458,19.595031,i
976126,1188,61017.16024,0.0970308097131594,0.07460734677576267,19.507225,i
976378,1188,61017.279051,0.14143497737656405,0.11738234886590915,18.990967,i
976412,1188,61017.294589,0.15623578148729755,0.12913548431250427,18.91394,i
976598,1188,61019.049247,0.17863779963798251,0.5794964711463144,17.0,y
991244,1188,61040.042135,0.07056113592010088,0.3589764807933924,17.0,y
993521,1188,61043.120685,0.20676418767544197,0.5388982777690833,17.3,y
994950,1188,61045.120754,0.10317129548208612,0.09298669150676313,19.092035,i
994983,1188,61045.135884,0.10711344804507798,0.09841262037482082,19.014338,i
1000785,1188,61059.073525,0.4086081427992346,0.1139678605662168,20.190455,i
1006055,1188,61066.090027,0.3965332237275899,0.0788767114646854,20.678466,r
1006678,1188,61067.038599,0.16693124039114987,0.36055207198439987,17.0,z
1006709,1188,61067.053187,0.1709822188770346,0.17034555111699623,18.677565,z
1009804,1188,61071.096884,0.1200939925686186,0.42093902972334024,17.3,y
1012080,1188,61074.072282,0.10350903073722466,0.38688402341318906,17.3,y
1013667,1188,61076.118308,0.2980581550360325,0.17373175053619902,18.948421,i
1014255,1188,61077.025667,0.17707611569789128,0.3718337406719926,17.0,z
1014284,1188,61077.03882,0.18214838212355833,0.3777273185648633,17.0,z
1019976,1188,61084.110976,0.1672509889017706,0.03515034529903986,21.664564,g
1027040,1188,61093.064264,0.24822128842176006,0.056549399261185,20.969866,r
1027070,1188,61093.077901,0.2689293658345609,0.06002635822228123,20.949542,r
1033102,1188,61101.061027,0.20279515412090518,0.5720916323809069,17.3,y
1033955,1188,61102.053588,0.2896294611816041,0.6795302517085033,17.3,y
1038214,1188,61107.047755,0.16177829165721053,0.06161703490750958,20.316355,r
1039008,1188,61108.011861,0.10428980877279688,0.4553615908574799,17.0,y
1039931,1188,61109.034278,0.3405289980366398,0.04879983972806798,21.700245,g
1041596,1188,61111.006707,0.16039908394445937,0.3594701191899909,17.0,z
1043233,1188,61113.00038,0.24846423450626118,0.44726281789981065,17.0,z
1043257,1188,61113.011279,0.26322055344398265,0.4622319867757999,17.0,z
1047469,1188,61118.011379,0.24613449788568445,0.4497549953363511,17.0,z
1051939,1188,61122.99083,0.15268790798604723,0.5620684338022706,17.0,y
1134358,1188,61247.440208,0.37647391108147504,0.835955569660765,17.0,y
1138138,1188,61251.341751,0.28202168669875183,0.6720722995209788,17.3,y
1141265,1188,61254.373061,0.17070067685540746,0.5031417959856171,17.3,y
1145267,1188,61259.378134,0.1559096430648382,0.04547882081357617,20.879934,r
1145307,1188,61259.3975,0.14692327731857902,0.043243495863708334,20.913307,r
1154193,1188,61269.3118,0.11693569403203431,0.02724680575716066,21.766151,g
1154225,1188,61269.327299,0.10835173868460224,0.02529703348772299,21.817879,g
1155526,1188,61272.29856,0.15917212947309736,0.0436954680450498,21.057772,r
1155562,1188,61272.317582,0.14447952912338094,0.04000891700260617,21.123136,r
1160437,1188,61277.299594,0.16360042490473337,0.49667693871040103,17.3,y
1161455,1188,61278.307313,0.08381064265971713,0.35260591687190707,17.3,y
1162435,1188,61279.297231,0.1004400175093536,0.3881761029468639,17.3,y
1165710,1188,61286.266113,0.2482674136423794,0.13126435100290867,19.355069,i
1165739,1188,61286.279217,0.23269657164417473,0.12486617137639297,19.380332,i
1165786,1188,61286.300364,0.21329889621954365,0.11652169557248719,19.420019,i
1165823,1188,61286.317771,0.20148882368269508,0.11121321498962086,19.449785,i
1168169,1188,61297.22447,0.18543665373678733,0.1157218040987386,21.975552,u
1168205,1188,61297.240035,0.17023499269329453,0.10454517541785538,22.032575,u
1168214,1188,61297.244062,0.16686184574979662,0.10213420098119261,22.04614,u
1171802,1188,61303.240459,0.2390192569876174,0.06353092749054073,20.616219,r
1171843,1188,61303.260665,0.2213950937218786,0.05721100747334649,20.750252,r
1172989,1188,61304.399794,0.09312835744780525,0.26956331942080125,17.0,z
1174353,1188,61306.206783,0.16751055359801545,0.21748935017423437,18.156032,z
1174375,1188,61306.21702,0.15872313321915807,0.20632392721441012,18.20447,z
1177163,1188,61309.243574,0.15035978680015946,0.4661821018999701,17.3,y
1178912,1188,61311.230161,0.102052029495354,0.38578558464749824,17.3,y
1180894,1188,61313.357517,0.16835143411566994,0.12341728708154638,18.998265,i
1180922,1188,61313.370181,0.17127981002132578,0.12481029097093928,18.995494,i
1182649,1188,61315.367155,0.13219706426144862,0.04889769594216967,20.489347,r
1185151,1188,61318.329171,0.07582891853580066,0.026941315368240126,21.231993,r
1185194,1188,61318.349985,0.07741770335291608,0.027773230316230458,21.188433,r
1186603,1188,61320.207931,0.10857914810722682,0.07665519551194497,22.124046,u
1187391,1188,61321.166353,0.22526588187805713,0.1238332284848882,22.003631,u
1189949,1188,61324.205643,0.06895770197970431,0.026352437722913086,21.204953,r
1189979,1188,61324.219205,0.06622685021100652,0.025408369451107044,21.233665,r
1192988,1188,61328.193567,0.14693532291201022,0.03853001655941785,21.202106,r
1193023,1188,61328.210068,0.13991516954040722,0.03686406266514073,21.236894,r
1193696,1188,61329.14051,0.20510533245933754,0.05146931587195112,20.973976,r
1193731,1188,61329.156743,0.18822336234940065,0.047319309177445805,21.045182,r
1194154,1188,61329.377714,0.1456612377959363,0.3395733473010366,17.0,z
1196405,1188,61332.304347,0.08803665889718298,0.05226488458147659,20.212963,i
1196452,1188,61332.33053,0.09172654638966887,0.05420937443789784,20.183216,i
1196522,1188,61332.369376,0.09765140253682567,0.27802560576274654,17.0,z
1197612,1188,61334.125992,0.12483951818154508,0.1716184580661198,18.35834,z
1197652,1188,61334.144204,0.11338178673180549,0.15670151514036304,18.437991,z
1197817,1188,61334.228544,0.09251277217660744,0.07243612269173791,19.52276,i
1197853,1188,61334.247538,0.09075730953299252,0.06909604599156752,19.604514,i
1199248,1188,61337.144811,0.1949038579264861,0.538265315277595,17.3,y
1199263,1188,61337.151548,0.18944055720810063,0.5281610807517427,17.3,y
1200841,1188,61340.13669,0.11927157879761474,0.42105186530343464,17.3,y
1202926,1188,61343.105376,0.07777826719131778,0.024924450689509207,21.494246,g
1205374,1188,61351.290852,0.15005925410599666,0.027591823017185612,21.933693,g
1205422,1188,61351.314828,0.1610156909330065,0.029531886842433342,21.882012,g
1206435,1188,61356.103182,0.15130976789864428,0.0292667700737416,21.843787,g
1206472,1188,61356.121194,0.14202618596092836,0.027397995856985397,21.901569,g
1212011,1188,61364.22124,0.09643724992216,0.07831013914891982,19.39323,i
1212058,1188,61364.244978,0.10035443988145058,0.07700923260225663,19.482948,i
1213030,1188,61366.026896,0.3572336443770769,0.5421521640810252,17.0,z
1213070,1188,61366.045119,0.3205612287113804,0.3572886298352252,17.7762,z
1213731,1188,61367.021361,0.2140346121732434,0.420261102660339,17.0,z
1213761,1188,61367.035012,0.1965375840928181,0.4001005935571924,17.0,z
1217125,1188,61371.250463,0.08682719980463818,0.08839652562749532,19.023663,i
1217152,1188,61371.262798,0.09043954635938042,0.09199884937156523,18.987999,i
1217205,1188,61371.286728,0.09985515881935288,0.10103447652590938,18.910083,i
1218555,1188,61373.259446,0.12965497577372428,0.05160245878725783,20.377128,r
1220943,1188,61378.037593,0.13953229669327882,0.5204593268287543,17.0,y
1221615,1188,61379.025193,0.08131949909825145,0.2552101810759556,17.0,z
1221665,1188,61379.047958,0.07410555198338965,0.08490850527769542,19.316822,z
1223192,1188,61381.081183,0.17004336346706342,0.08972990246170456,22.2036,u
1228800,1188,61389.144269,0.1378395089204827,0.036294899289190975,21.235639,r
1228848,1188,61389.169801,0.14284516373584544,0.03845156279901364,21.147842,r
1231906,1188,61394.162072,0.07549647505721815,0.08017134980603746,19.073336,i
1231943,1188,61394.179971,0.07883088100565314,0.08188327336013186,19.082339,i
1237353,1188,61409.133694,0.1423541354273265,0.08361234342028243,22.181098,u
1239606,1188,61412.180294,0.12164567096685741,0.03723563767126149,21.099516,r
1239647,1188,61412.203758,0.13874914222446677,0.0419826255732345,21.012177,r
1240959,1188,61414.162673,0.1727614093566507,0.031716261917711285,21.828328,g
1240986,1188,61414.175341,0.18330689442822684,0.03359479502738604,21.787846,g
1244977,1188,61421.058034,0.09971967060774516,0.37206189668114586,17.3,y
1247192,1188,61424.09215,0.08104483727358497,0.08571665121784057,19.008364,i
1247222,1188,61424.106238,0.08431594619960464,0.08869852455332435,18.983697,i
1254584,1188,61434.117354,0.08366760202811574,0.033238299412973994,20.919838,r
1254621,1188,61434.135033,0.09185185964356514,0.03552993358394173,20.901429,r
1261888,1188,61444.046964,0.12923114940125358,0.08062839145488654,22.166583,u
1263482,1188,61446.070963,0.1929380611920909,0.045900730327814346,21.128665,r
1263511,1188,61446.08428,0.20480695608300578,0.048008705477053694,21.110076,r
1266633,1188,61451.076313,0.09611521507478506,0.0793821387452544,19.41499,i
1266659,1188,61451.088367,0.10258587119557712,0.08358108328077872,19.387246,i
1268888,1188,61454.018135,0.15978094388504388,0.5475532936302182,17.0,y
1269834,1188,61455.083557,0.13220076993763402,0.45716439127670216,17.3,y
1270561,1188,61456.042874,0.08900675249993237,0.17216322749753304,17.954323,z
1270600,1188,61456.061083,0.0965815758653806,0.18905527332766067,17.850337,z
1272311,1188,61458.087176,0.1387443968010311,0.47556950186959435,17.3,y
1275544,1188,61462.049563,0.15098089437308823,0.03288598055500344,21.612917,g
1280423,1188,61468.039078,0.19037696487981,0.035208084321137645,21.748545,g
1280468,1188,61468.062686,0.22044220841678158,0.04070929633979632,21.653424,g
1283705,1188,61472.002194,0.24191841129709843,0.4392506326343356,17.0,z
1283742,1188,61472.018828,0.2614722081305875,0.4590466217675715,17.0,z
1284640,1188,61473.0299,0.20264486998927123,0.1202498091200562,21.981156,u
1288895,1188,61478.027953,0.1725782421005675,0.05241775247180016,20.755195,r
1290596,1188,61480.023623,0.19212713177368673,0.11341695824488021,19.428218,i
1292297,1188,61482.007453,0.07538426824413964,0.39474550709327083,17.0,y
1383205,1188,61606.441572,0.117483218612699,0.46983568110339363,17.0,y
1385133,1188,61608.38445,0.10338883531215969,0.39790554901168296,17.3,y
1398045,1188,61625.321618,0.1593497356921698,0.0448384298064564,21.017525,r
1398083,1188,61625.342036,0.142086046943976,0.040385735412349445,21.093651,r
1403818,1188,61631.301101,0.12102114522540476,0.44045748602558044,17.3,y
1403825,1188,61631.304294,0.11858912367730699,0.43425816778500836,17.3,y
1404886,1188,61648.270074,0.34439683841988167,0.15352248646651406,22.001061,u
1405857,1188,61649.270441,0.19603336294065576,0.08821198514549553,19.992365,i
1405887,1188,61649.284176,0.18297504905890835,0.0829538210896608,20.039005,i
1407813,1188,61651.323445,0.18740697007461296,0.042750066601499145,21.233321,r
1407848,1188,61651.339563,0.1802860286962066,0.041283184991353056,21.26111,r
1408931,1188,61652.408349,0.08615105384960971,0.2586699598458684,17.0,z
1413147,1188,61671.3896,0.06991310440136607,0.2334423226774775,17.0,z
1413172,1188,61671.401101,0.07136999037424739,0.23613436523755937,17.0,z
1413644,1188,61672.19809,0.2045314585866144,0.037084087375284604,21.726572,g
1413670,1188,61672.209803,0.19165388675848657,0.03479127908425247,21.769807,g
1416063,1188,61677.301099,0.10833943796371766,0.05787379953909845,20.216362,i
1416137,1188,61677.340362,0.10719129312836381,0.05732800063914946,20.224134,i
1416709,1188,61678.208477,0.1522862717774139,0.07524561491826032,20.04904,i
1416762,1188,61678.236177,0.1367603780968231,0.06837101002669642,20.123963,i
1417000,1188,61678.367524,0.16716659557699687,0.0876102249951838,22.223019,u
1420047,1188,61682.190574,0.14057929420672718,0.03983264957841403,21.107658,r
1420085,1188,61682.208149,0.13008041496365474,0.03712307952147329,21.161053,r
1421979,1188,61684.29565,0.14729235685940373,0.06722629790162367,20.223435,i
1422025,1188,61684.318568,0.14707958282343944,0.06713991632551079,20.224491,i
1424207,1188,61687.174664,0.13702874143467828,0.05432593324799882,20.355157,r
1424237,1188,61687.188233,0.12870135190921395,0.050753453110333135,20.421368,r
1425298,1188,61688.284197,0.1312301201874879,0.07771935642640163,19.755681,i
1425352,1188,61688.31217,0.13125627367427023,0.07171394200615233,19.940082,i
1425853,1188,61689.152133,0.11539829157983918,0.17906305744625145,18.17952,z
1425891,1188,61689.170685,0.10444950047407535,0.16279115169156083,18.264104,z
1426659,1188,61690.141864,0.19860939070514516,0.25960197709056865,17.967149,z
1426702,1188,61690.162049,0.17684066865294595,0.2329841601130119,18.058705,z
1427237,1188,61691.135769,0.35285763985495694,0.7535776260909985,17.3,y
1427317,1188,61691.171648,0.28951246013727394,0.6579486431866959,17.3,y
1427327,1188,61691.176118,0.2838006725809476,0.649229126843743,17.3,y
1428162,1188,61692.166206,0.1527277355879971,0.4789100993915579,17.3,y
1433854,1188,61700.122671,0.12482751495880491,0.03911278994966859,21.040547,r
1433889,1188,61700.13867,0.11447199753020265,0.036144680957681315,21.098433,r
1436181,1188,61704.22122,0.17203848233760807,0.028672158954928327,21.981959,g
1436210,1188,61704.234432,0.16998032808839433,0.02834836367951628,21.990727,g
1437182,1188,61705.304049,0.1539423064765635,0.08489661915896829,22.210663,u
1439878,1188,61709.177137,0.1372747100064068,0.03615127307407016,21.254755,r
1439922,1188,61709.197745,0.13209147432318918,0.03492027021680956,21.282559,r
1443284,1188,61721.170129,0.19567290375697535,0.5219566026098074,17.3,y
1443793,1188,61722.054987,0.20897059846292368,0.5770560460478692,17.3,y
1443880,1188,61722.093955,0.1704782754003868,0.5022870666208203,17.3,y
1447936,1188,61727.240948,0.18211938481885354,0.10986505960403188,19.350326,i
1447966,1188,61727.254798,0.18721729733599807,0.11354238059779312,19.312399,i
1448001,1188,61727.27138,0.19536795677467753,0.11886576661772981,19.265372,i
1448032,1188,61727.285624,0.20444696375399793,0.12444217573445404,19.222324,i
1451066,1188,61733.025874,0.17392266211158477,0.37758609768539053,17.0,z
1451096,1188,61733.039424,0.1606542994924143,0.1334108636600946,19.196334,z
1451404,1188,61733.184838,0.13116244091053825,0.03438320809164624,21.304416,r
1451444,1188,61733.204076,0.13286956646941897,0.0347849349601999,21.294985,r
1452759,1188,61735.14135,0.26153779081908424,0.10853974468451595,22.235337,u
1457942,1188,61742.294436,0.18204907594093145,0.035043574272837316,21.724368,g
1462694,1188,61749.271174,0.11775731474113096,0.10251664755198356,19.083336,i
1462884,1188,61750.033085,0.19799592927671306,0.3957805025882732,17.0,z
1462923,1188,61750.050821,0.1871805501620726,0.3835199814325594,17.0,z
1463909,1188,61751.188681,0.07600677011401874,0.3273862200562672,17.3,y
1467296,1188,61756.150788,0.18477124287880417,0.06027421954484493,20.389995,r
1468059,1188,61757.184212,0.14167208007078147,0.0873586664212751,19.594289,i
1468096,1188,61757.201671,0.14922966401243176,0.09416805398399197,19.493363,i
1468892,1188,61758.248132,0.13992819516739988,0.05495595960863322,20.377841,r
1469868,1188,61760.051163,0.10964382541180571,0.4492337698657428,17.0,y
1470036,1188,61760.130689,0.14164586758732983,0.02597241871006244,21.984741,g
1470070,1188,61760.147633,0.14484811424035224,0.026527064640263127,21.9685,g
1472174,1188,61765.113694,0.14500654645082628,0.0807110125376,22.237076,u
1475021,1188,61769.204313,0.16273176345751578,0.04320113885121644,21.094385,r
1475069,1188,61769.228036,0.18629456781124784,0.048874327614284466,21.004886,r
1480330,1188,61777.115176,0.12071258346662761,0.09261957752344646,19.275833,i
1480378,1188,61777.138014,0.12801943844136557,0.09593661605716666,19.273769,i
1482352,1188,61780.084532,0.06571769167166877,0.13664243595060313,18.10432,z
1482400,1188,61780.108952,0.06860153778536167,0.14272629614322946,18.060973,z
1485309,1188,61784.140651,0.14263691068920045,0.11759985754708169,18.95487,i
1486109,1188,61785.169434,0.1632677138051388,0.1256635127533999,18.989442,i
1486133,1188,61785.181093,0.17479331361432546,0.13524150518992406,18.91797,i
1489434,1188,61790.052179,0.19586154904857758,0.5982903467324824,17.0,y
1490825,1188,61792.042702,0.17987407231647448,0.5730065622396439,17.0,y
1490870,1188,61792.064753,0.22987170366531595,0.04631081198006866,21.27296,r
1490891,1188,61792.074544,0.2342687837680048,0.047107580144383966,21.259283,r
1492286,1188,61794.070453,0.3974793588175,0.13792531854803142,22.196927,u
1494422,1188,61798.032925,0.15833931511120575,0.3510433866046967,17.0,z
1494463,1188,61798.051786,0.16309548270927893,0.35686207440252016,17.0,z
1499020,1188,61804.132972,0.18311422031261967,0.05435976813875878,20.734728,r
1505743,1188,61814.088093,0.14837521836999035,0.12076436320805206,18.968843,i
1505777,1188,61814.103425,0.16218472259428426,0.1352913391809298,18.836233,i
1508862,1188,61818.036313,0.10698423207639639,0.45127450204386,17.0,y
1509747,1188,61819.080314,0.1701652650016433,0.03351157161090808,21.739278,g
1509783,1188,61819.096775,0.1881319914287993,0.037008884552841396,21.673949,g
1513601,1188,61824.030692,0.14559349859718917,0.5297946832981237,17.0,y
1516111,1188,61827.026859,0.1986196104843258,0.6205751710595628,17.0,y
1516132,1188,61827.037779,0.3337694089244254,0.14235869417555472,22.061269,u
1519468,1188,61831.04718,0.26666410428328174,0.058243142021675444,20.991055,r
1519496,1188,61831.059934,0.2881846047229571,0.06157794560646492,20.976752,r
1520229,1188,61832.01608,0.1209691493477459,0.3105723553131114,17.0,z
1520279,1188,61832.043311,0.13828542394516086,0.12920484388947268,19.102325,z
1527793,1188,61841.013281,0.1402327226514899,0.33675650661530077,17.0,z
1527844,1188,61841.036724,0.16147235259268358,0.2917300696277826,17.490988,z
1529803,1188,61844.007108,0.25647714495428214,0.7209759793973113,17.0,y
1529840,1188,61844.026778,0.32592207581170063,0.16755831936174032,19.145292,i
1616908,1188,61990.33245,0.14700402478689417,0.4774347167992977,17.3,y
1619056,1188,61992.430235,0.11319682964408939,0.2968028013385097,17.0,z
1633136,1188,62016.376766,0.07975331442211527,0.1312163628996284,18.405487,z
1633189,1188,62016.404581,0.07907525591007553,0.247791038408791,17.0,z
1634345,1188,62019.283877,0.14377242770088208,0.24597218308885319,17.696627,z
1634379,1188,62019.301724,0.13475853186770897,0.23044240319294174,17.75982,z
1636124,1188,62022.228743,0.1333700224986057,0.4636159786903389,17.3,y
1636137,1188,62022.234564,0.1284878500703903,0.4516853404495943,17.3,y
1636164,1188,62022.246633,0.11970167873019204,0.430131447583162,17.3,y
1636450,1188,62022.388598,0.08465785991183176,0.3421719428039878,17.3,y
1637866,1188,62027.286215,0.1356739128119298,0.03387720683282004,21.316117,g
1637906,1188,62027.306578,0.12860508662981673,0.032419028458605476,21.335066,g
1638772,1188,62028.389586,0.06422589445510984,0.025158433475080705,21.19739,r
1640218,1188,62030.214403,0.29615545714301855,0.06091872366493747,21.022906,r
1640247,1188,62030.229175,0.2722592418000961,0.05641772838692209,21.078634,r
1641186,1188,62031.231238,0.1694054953028045,0.10400762888692303,22.035318,u
1643841,1188,62034.219423,0.19658427610125107,0.11344819634880358,22.022784,u
1643893,1188,62034.24625,0.12939057580822638,0.06790860289218598,20.08641,i
1643934,1188,62034.268043,0.12003248570496729,0.06351600813522496,20.139248,i
1646787,1188,62037.393995,0.18064105624721125,0.37546961355029435,17.0,z
1647269,1188,62038.212366,0.2517590466676265,0.05695984458585869,20.954414,r
1647297,1188,62038.225586,0.23663144960587498,0.05160973102564601,21.097489,r
1649845,1188,62041.343634,0.20592274782942854,0.07947592580614489,20.223718,i
1649885,1188,62041.368221,0.2102822276826957,0.08097064441259477,20.208456,i
1650756,1188,62042.369347,0.1480475905755347,0.03692675930967811,21.284651,r
1652403,1188,62045.177859,0.09183924725276246,0.3791689759742716,17.3,y
1652417,1188,62045.184123,0.08862657257510442,0.37000261687622343,17.3,y
1653311,1188,62046.200691,0.09333011410197939,0.373256342090199,17.3,y
1658780,1188,62052.338199,0.06557515748355422,0.07470044615134616,19.067376,i
1658820,1188,62052.356721,0.0675703661266995,0.07653921358220564,19.051882,i
1659230,1188,62053.149659,0.1103446463364578,0.04861411630484335,20.400979,r
1660389,1188,62054.304935,0.08827622358439106,0.03807055391068701,20.591991,r
1660434,1188,62054.327492,0.08968865013041567,0.038925374147577275,20.562667,r
1661900,1188,62056.318222,0.19104421809542768,0.04084803745347267,21.233157,g
1661938,1188,62056.337036,0.19576796661696097,0.0422488406193712,21.191562,g
1667990,1188,62066.271973,0.08768420950858033,0.02810903884393784,21.304653,r
1668032,1188,62066.295334,0.0891220807651508,0.028522841965142903,21.292792,r
1669792,1188,62069.121852,0.08663885248961407,0.06732147080705074,19.675401,i
1669819,1188,62069.134157,0.08146173115717054,0.06322441151325754,19.73436,i
1671415,1188,62074.147106,0.05878980295221129,0.13422419118955373,18.037997,z
1671450,1188,62074.163363,0.05586459102267268,0.12772737759885844,18.084288,z
1672513,1188,62076.109706,0.08987493493488635,0.36901905780844013,17.3,y
1672549,1188,62076.125845,0.08349449478590197,0.35122449413467144,17.3,y
1674115,1188,62078.100654,0.08629046257705623,0.3627544891926654,17.3,y
1674117,1188,62078.101548,0.08589622025137982,0.36162862131672635,17.3,y
1676862,1188,62081.298009,0.10718211705933635,0.09743549496138279,19.036782,i
1676893,1188,62081.312613,0.11202913039229247,0.10151345183724758,19.003122,i
1678286,1188,62083.251702,0.09441366411857655,0.039393085228247346,20.59537,r
1678327,1188,62083.271314,0.09728071673559016,0.041095171354442524,20.539249,r
1681738,1188,62089.183378,0.24818997649392038,0.10519153574996569,22.242023,u
1682594,1188,62090.225529,0.21878208694958412,0.09923964354189166,22.235762,u
1683323,1188,62091.220024,0.3036431919581299,0.037960541214637995,21.987614,g
1683354,1188,62091.235396,0.3090293127809601,0.03859618644502792,21.974823,g
1687516,1188,62098.028812,0.13952246193514062,0.3378273415756715,17.0,z
1687556,1188,62098.047301,0.12589474671112535,0.13109773720233134,18.955697,z
1689784,1188,62101.150308,0.17030894067081298,0.058543838711872444,20.358583,r
1689829,1188,62101.172244,0.16950933394579928,0.05718182283975829,20.406042,r
1690573,1188,62103.019685,0.1501773904598932,0.34978146763828544,17.0,z
1690601,1188,62103.032285,0.14016021636651962,0.33624481465806044,17.0,z
1695351,1188,62110.223141,0.07586470611861237,0.08076269370173203,19.072235,i
1695387,1188,62110.239921,0.08011830888086154,0.08545061557413589,19.017806,i
1695418,1188,62110.254179,0.0847241007222797,0.09031427410505727,18.968074,i
1695447,1188,62110.267264,0.08993095994095883,0.09567022506913643,18.918896,i
1702061,1188,62120.150789,0.13711804466887736,0.07891289853483088,22.230046,u
1704583,1188,62124.043588,0.07271839974795351,0.2384738678522862,17.0,z
1707752,1188,62129.041151,0.10346504203795541,0.43636307715896894,17.0,y
1707879,1188,62129.101323,0.11781619529225291,0.041052385234898126,20.752501,r
1707918,1188,62129.121498,0.11949196336082046,0.040864707591851734,20.783099,r
1714091,1188,62138.119049,0.13403741310676093,0.4334581725313257,17.3,y
1716360,1188,62141.176579,0.10389960057519375,0.08528337831739101,19.3305,i
1716393,1188,62141.191873,0.11208826726992771,0.0932368506814475,19.232348,i
1718280,1188,62144.111981,0.15088718474716503,0.027436631837862647,21.94707,g
1718318,1188,62144.130098,0.15788238393481524,0.028646079684650667,21.914631,g
1722989,1188,62151.045408,0.082634577283037,0.25335016744611016,17.0,z
1723125,1188,62151.10839,0.12441076142419967,0.078926054976697,22.169399,u
1726669,1188,62156.077463,0.16978569260435325,0.041553269019876264,21.172834,r
1726691,1188,62156.093343,0.17647583904519124,0.04273002979694231,21.162038,r
1728004,1188,62158.054107,0.07258516474160838,0.36485306223393943,17.0,y
1730297,1188,62161.109715,0.08589572241266727,0.0837361898217592,19.147508,i
1730328,1188,62161.123901,0.09134444574235605,0.08783435079404747,19.122308,i
1734078,1188,62166.10381,0.07608523136965142,0.33622685294851234,17.3,y
1737924,1188,62171.108045,0.096842797453599,0.043768211022249155,20.461434,r
1737967,1188,62171.128068,0.10885274639586416,0.050344588527356925,20.311341,r
1740071,1188,62174.033867,0.11149731708306537,0.2954682334867753,17.0,z
1740203,1188,62174.097591,0.1781854243947886,0.033350657140475456,21.778072,g
1740231,1188,62174.110294,0.1910501577690143,0.03570925549629031,21.731578,g
1743121,1188,62178.026773,0.10376002691722712,0.2851832379560629,17.0,z
1743151,1188,62178.04037,0.10771637205778535,0.29120792893696656,17.0,z
1750312,1188,62187.063824,0.10280878434152714,0.03878662538856132,20.810788,r
1750347,1188,62187.080539,0.11302344457523876,0.0416536243119882,20.784714,r
1751125,1188,62188.067394,0.1391480475042612,0.08746236078812598,19.624724,i
1751162,1188,62188.084355,0.1542483686433729,0.09443956884141594,19.592661,i
1754330,1188,62192.050647,0.09611073884670242,0.3835697907956706,17.3,y
1756815,1188,62195.018449,0.1832152707056162,0.5956665265988857,17.0,y
1765013,1188,62205.012625,0.09095930030212743,0.27081330395945785,17.0,z
1765905,1188,62206.025573,0.23255852281153327,0.1301943074166627,21.971256,u
1772798,1188,62215.002593,0.08408502220847525,0.26220851785850413,17.0,z
1774504,1188,62216.995892,0.07465777017706506,0.39318667897264586,17.0,y
1868947,1188,62343.422561,0.125365524800847,0.19464300268077012,18.047953,z
1869874,1188,62344.36011,0.19538034530429416,0.5522010087491727,17.3,y
1869905,1188,62344.374011,0.18126427958128877,0.5246296066370937,17.3,y
1876740,1188,62351.418139,0.17725629015939467,0.050176919547085995,20.777606,r
1878721,1188,62353.408342,0.09155145712900568,0.025281846820452657,21.531425,g
1879651,1188,62354.375209,0.11396709440292994,0.03469716534409663,21.156587,r
1879693,1188,62354.395212,0.10678292190441778,0.03285661324116555,21.191971,r
1882621,1188,62357.328594,0.23922068595471244,0.12801981511727534,22.000538,u
1885124,1188,62361.306351,0.1746509527562819,0.03478016160948763,21.706651,g
1885159,1188,62361.322756,0.1589577105242171,0.03170481297597968,21.768923,g
1891754,1188,62369.308028,0.1400909077155616,0.4602892113649819,17.3,y
1892806,1188,62370.332666,0.10881043798547532,0.39783409094079425,17.3,y
1892825,1188,62370.34122,0.10565108236603685,0.39020065642671214,17.3,y
1893682,1188,62371.27424,0.24325283907945314,0.6251732623395172,17.3,y
1893723,1188,62371.293111,0.21742595270495566,0.5784662101583514,17.3,y
1894988,1188,62373.274063,0.1551539930922351,0.49598209153070894,17.3,y
1896687,1188,62377.296721,0.2605696543042926,0.16097958211013014,18.934734,i
1896717,1188,62377.310198,0.24663744306082513,0.1530733531209458,18.974426,i
1903087,1188,62385.265498,0.3193803395727434,0.1411507518087089,22.047237,u
1904021,1188,62386.250262,0.27353482629596143,0.1364563013872979,22.003636,u
1907112,1188,62389.396644,0.3511916921502181,0.5223283467905069,17.0,z
1907794,1188,62390.272648,0.15838663319302135,0.0750003336923435,20.08957,i
1907829,1188,62390.289456,0.14933500114778014,0.07117016876472816,20.130949,i
1912719,1188,62399.336129,0.15277254784828778,0.17427151058031995,18.496192,z
1912768,1188,62399.361475,0.15246961228746592,0.1618428790855729,18.657977,z
1914294,1188,62401.205504,0.18476941747734482,0.5363985505850687,17.3,y
1914312,1188,62401.213555,0.1767671012556743,0.5203879069769918,17.3,y
1916098,1188,62404.205559,0.18871117155444114,0.5375811050156517,17.3,y
1918413,1188,62408.297215,0.16124820404352627,0.05526156700393581,20.430751,r
1918451,1188,62408.314407,0.1590654100360865,0.054866846000665805,20.428411,r
1919013,1188,62409.171717,0.3098537487040254,0.06395386497366275,20.971829,r
1919044,1188,62409.186074,0.28425919834075564,0.06643436613555145,20.752217,r
1919349,1188,62409.338517,0.20037942344697773,0.054642730843625385,20.705201,r
1919398,1188,62409.36257,0.20493612331690797,0.05607292297870901,20.676495,r
1920019,1188,62410.24152,0.22204696703633828,0.04632744996340711,21.152385,g
1920052,1188,62410.258269,0.2127775183648316,0.045339799540755246,21.135358,g
1922545,1188,62413.375925,0.14913190766298626,0.3415969588830706,17.0,z
1922575,1188,62413.389515,0.1542847295456197,0.34813171988950153,17.0,z
1922964,1188,62414.181459,0.33928909484709535,0.11480489234395926,20.010893,i
1923003,1188,62414.202818,0.3077633843077445,0.10524696856189328,20.077693,i
1926333,1188,62418.170257,0.18552444123950915,0.10942647155392753,22.029927,u
1926387,1188,62418.196566,0.12343637158850938,0.06617336134778785,20.090565,i
1926424,1188,62418.214628,0.11596042929810159,0.06259141873750765,20.134533,i
1929999,1188,62423.150412,0.16448448773754323,0.1527643426664346,18.918087,z
1930038,1188,62423.168654,0.1502356530692028,0.13831853984148548,19.025195,z
1932685,1188,62426.25387,0.1028853218834272,0.07434394377005647,19.581252,i
1932745,1188,62426.283017,0.1019543773777398,0.06916506599490127,19.733294,i
1933272,1188,62427.142383,0.15113174874833146,0.2052458552305665,18.16643,z
1933305,1188,62427.157555,0.1403122467071969,0.19120691551757646,18.229584,z
1934963,1188,62429.181847,0.0851726473769005,0.35004670635699836,17.3,y
1938850,1188,62435.295409,0.10558345759320414,0.10032177225284074,18.942453,i
1938878,1188,62435.308267,0.10792832536888636,0.10231271176786738,18.927076,i
1940338,1188,62437.258864,0.17089653814765182,0.0574330123667677,20.405777,r
1940374,1188,62437.275928,0.17293231183785868,0.05859789236030431,20.376057,r
1940392,1188,62437.284531,0.17464136944582304,0.05934448914591696,20.360616,r
1940822,1188,62438.119038,0.12077603528372867,0.02720046920717655,21.791455,g
1940864,1188,62438.138588,0.11069250312468741,0.024996983046779032,21.851353,g
1943103,1188,62441.089124,0.19244779626509448,0.09007328370996898,19.94155,i
1943146,1188,62441.109668,0.1716867369558725,0.0813556268447512,20.017478,i
1945361,1188,62451.078066,0.3999973333232393,0.12906782622037907,19.933526,i
1945411,1188,62451.101883,0.3582867391653805,0.11556448697247282,20.037072,i
1946917,1188,62454.109857,0.14985106564123452,0.052367566835883284,20.50247,r
1946951,1188,62454.125331,0.14299029258267815,0.049821866727193256,20.551416,r
1950076,1188,62459.043094,0.1334652620346328,0.45793432275209034,17.3,y
1950841,1188,62460.040639,0.11619307813881351,0.4271425103039105,17.3,y
1951728,1188,62461.097188,0.13411111749171384,0.43867208177780387,17.3,y
1951979,1188,62461.274477,0.14406853494135186,0.281189044291847,17.398252,z
1952012,1188,62461.29078,0.15321039364065592,0.293527499999562,17.380043,z
1953655,1188,62464.220675,0.10631301232964045,0.10012985693863755,18.955595,i
1953690,1188,62464.236918,0.10972483511591306,0.10353328541396742,18.922054,i
1955087,1188,62466.206708,0.15556910542056854,0.055695024030355,20.37396,r
1958518,1188,62474.153442,0.2655980925716305,0.10857183941327338,22.244985,u
1962797,1188,62481.039095,0.14403114225661345,0.3370469454849552,17.0,z
1962828,1188,62481.053092,0.1382311056328948,0.12063451865392023,19.218112,z
1965116,1188,62484.156395,0.2574186950365428,0.06685729412357758,20.532554,r
1965162,1188,62484.179725,0.26797181206443116,0.06681444967844798,20.590125,r
1968990,1188,62490.050206,0.10776209172438547,0.4456225871243218,17.0,y
1971373,1188,62493.152406,0.11135329540080253,0.10197309378542878,18.970116,i
1974846,1188,62498.18366,0.14113201817970866,0.04332115187620164,20.88622,r
1974879,1188,62498.20001,0.15125988554884223,0.0471934357399119,20.785961,r
1975216,1188,62499.036981,0.13354284377197254,0.3225192161824863,17.0,z
1975242,1188,62499.04923,0.13157432373067662,0.31987300896984733,17.0,z
1977440,1188,62502.120795,0.1985454284311601,0.0962497467914547,22.212816,u
1982403,1188,62509.129049,0.11635786727137942,0.02454645587621035,21.917526,g
1982434,1188,62509.144014,0.12194533800432152,0.025672040880480067,21.884354,g
1990106,1188,62520.102374,0.3807309405612982,0.7381305758952786,17.3,y
1990124,1188,62520.110507,0.39055677688223384,0.7505395727251055,17.3,y
1990137,1188,62520.116387,0.3984957813128001,0.7605321814204278,17.3,y
1993083,1188,62524.074959,0.18834350464361396,0.061018509604745655,20.395418,r
1997481,1188,62530.087499,0.23386363128469942,0.08998464251575353,20.112346,i
1997509,1188,62530.100295,0.24538461874391962,0.09392352762785455,20.078718,i
1998313,1188,62531.124231,0.31020748216479194,0.06040999442692465,21.07353,r
1998338,1188,62531.13588,0.3314887270831996,0.06417980536003834,21.029558,r
2002658,1188,62537.040609,0.23641418222713675,0.4302804316835151,17.0,z
2004124,1188,62539.034023,0.23329429938601634,0.42736760170761523,17.0,z
2006602,1188,62542.092239,0.318151326340753,0.07434750446706233,20.61119,r
2006626,1188,62542.103652,0.3387579763287994,0.07770332367366378,20.601084,r
2012105,1188,62549.094608,0.17413134933982702,0.5288406077618095,17.3,y
2013779,1188,62551.096012,0.08804774733585163,0.37962184508880636,17.3,y
2016188,1188,62554.074425,0.21929406090252337,0.13148554040689678,19.23139,i
2016895,1188,62555.015008,0.12106221804756065,0.3091175023404168,17.0,z
2016934,1188,62555.032801,0.12926229396204164,0.3207226234210559,17.0,z
2018209,1188,62557.05191,0.3165045412588634,0.11170309222727279,19.998226,i
2018242,1188,62557.067518,0.3461025698671983,0.12097298463718491,19.939073,i
2020682,1188,62560.066885,0.22249463418655213,0.040129892436899954,21.677722,g
2024021,1188,62564.038187,0.3143522990658057,0.14704206585354135,21.998639,u
2025713,1188,62566.035497,0.26179846554310754,0.13565818294316692,21.98823,u
2027388,1188,62568.0227,0.11844146776851097,0.11304433298848934,19.224065,z
2029647,1188,62572.028784,0.18251213172205102,0.10710811979736659,19.491217,i
2122308,1188,62712.43371,0.1547284103261959,0.5351407163501498,17.0,y
2122321,1188,62712.439649,0.1528904188653191,0.5310311479897042,17.0,y
2130151,1188,62725.313959,0.13692218164666134,0.46388549784824146,17.3,y
2136865,1188,62736.36193,0.1414100643689311,0.0328765317111701,21.418953,g
2136914,1188,62736.385212,0.1352147419488703,0.0317197090923284,21.433148,g
2138507,1188,62738.308618,0.25281829460293787,0.12197319378296063,22.077858,u
2141443,1188,62741.318416,0.1342464504080206,0.03713963195456047,21.187461,r
2141473,1188,62741.332435,0.12823346333558808,0.03563296782223097,21.219841,r
2145675,1188,62746.288533,0.1070175706668835,0.06257562495185387,20.063113,i
2145715,1188,62746.306877,0.09967220442949652,0.05873421865281362,20.112689,i
2148307,1188,62750.289005,0.11063571314417675,0.03868868740905225,20.863783,r
2148337,1188,62750.302469,0.10556496805774264,0.038900106977695185,20.783238,r
2149188,1188,62751.254036,0.12353098142710388,0.435501440309631,17.3,y
2150348,1188,62752.364365,0.11617570823479069,0.06365029131330105,20.0752,i
2151017,1188,62753.227815,0.1628787791804863,0.5120174892621777,17.3,y
2151355,1188,62753.392918,0.11453637456476543,0.06521831824548076,20.001622,i
2152071,1188,62754.276877,0.15495600601553786,0.4760572633038381,17.3,y
2152989,1188,62755.260098,0.12592518524274857,0.433316469144396,17.3,y
2153870,1188,62756.228943,0.1970594186587941,0.5567471411730976,17.3,y
2156379,1188,62759.25759,0.0896421091258069,0.3634055834807709,17.3,y
2156526,1188,62759.328149,0.07699975402050882,0.15031045715350597,18.068937,z
2156559,1188,62759.343366,0.0756758056979337,0.1474066904730271,18.090711,z
2156689,1188,62759.406692,0.07729581251303451,0.24537640292270177,17.0,z
2157210,1188,62760.221948,0.08986449584081235,0.17426332476293527,17.961859,z
2157241,1188,62760.236236,0.08323455745938142,0.1637072810982224,18.003048,z
2159995,1188,62763.38727,0.1648456765139266,0.23244531413442604,17.278431,r
2160813,1188,62764.361543,0.3225334158207192,0.0641444662453695,20.887026,r
2160858,1188,62764.382636,0.32725392872821146,0.06531118981734284,20.865085,r
2161570,1188,62765.299208,0.09173374894078648,0.026920182245198553,21.365215,g
2161613,1188,62765.32077,0.08908582669302903,0.026577467494743583,21.349131,g
2162222,1188,62766.194164,0.16080786678823591,0.08332482220686475,19.921786,i
2162253,1188,62766.208184,0.14779671980396272,0.07728485486023576,19.977076,i
2162282,1188,62766.221417,0.13788050428668622,0.07264424185714657,20.023738,i
2162324,1188,62766.241411,0.12622373790703675,0.06714455434681496,20.084494,i
2163927,1188,62769.277589,0.22634467449432513,0.10387876929152348,22.199342,u
2168555,1188,62775.211842,0.1111184677722843,0.03452546970285297,21.150403,r
2168596,1188,62775.231154,0.10336562378894178,0.032337317867217344,21.20098,r
2169434,1188,62776.217873,0.136748128908825,0.06949122949940885,20.094649,i
2169473,1188,62776.235894,0.12863250028817524,0.06580571248928964,20.137764,i
2170667,1188,62779.196531,0.10550095710127569,0.043484771834447974,20.550725,r
2170696,1188,62779.209574,0.10003398292479013,0.040654216503145164,20.630329,r
2174734,1188,62785.319025,0.05350560788552842,0.15385499330158728,17.616214,z
2174781,1188,62785.341451,0.0550212644006084,0.152957788436334,17.663006,z
2176872,1188,62788.147608,0.15738500351685483,0.49426014889187203,17.3,y
2176887,1188,62788.154353,0.1517044914518426,0.48199307175295425,17.3,y
2178048,1188,62789.303278,0.13630595566125095,0.11668902085474886,18.886114,i
2178077,1188,62789.317376,0.13810324709778052,0.11794621150171772,18.879124,i
2181044,1188,62793.168986,0.15364420515491045,0.029319704954342173,21.858018,g
2184369,1188,62798.11481,0.37737599250809917,0.06828013886064226,21.034151,r
2184398,1188,62798.127825,0.3509164299415184,0.06390052049366649,21.082484,r
2185234,1188,62799.136978,0.20654720140222582,0.11189368987964113,22.062149,u
2185293,1188,62799.163593,0.18568324305835385,0.09918956728729601,22.136131,u
2187607,1188,62802.129074,0.07087666264805832,0.020527969589700233,21.813033,g
2187652,1188,62802.150771,0.064851829655877,0.018840880527693043,21.874627,g
2192104,1188,62813.275562,0.11903147118981842,0.20114979563165494,17.911089,z
2192139,1188,62813.29429,0.12439308730286067,0.20290689059634365,17.945962,z
2193529,1188,62817.163413,0.10151010923579736,0.37639686337192213,17.3,y
2194268,1188,62818.154342,0.09725502291380961,0.09662822361365803,18.9366,i
2194322,1188,62818.181866,0.0939458049759295,0.09577893323682381,18.911713,i
2199887,1188,62829.082279,0.12580947814582985,0.03574502421949531,21.197589,r
2199916,1188,62829.095786,0.12063675828642197,0.03441485908751506,21.227351,r
2200530,1188,62830.041134,0.19622933018532565,0.5474257167440657,17.3,y
2204071,1188,62836.032071,0.10118943194209411,0.28504511043297204,17.0,z
2204108,1188,62836.049082,0.09389062480485948,0.10834448153227198,19.039146,z
2209257,1188,62844.182531,0.0725414664766879,0.1861284649685404,17.536226,z
2209290,1188,62844.200034,0.07519224092911471,0.19220929937628467,17.509572,z
2212009,1188,62851.181811,0.08466206098478808,0.06284228900598557,19.75442,i
2212042,1188,62851.197548,0.088365071254449,0.06719683153202807,19.658833,i
2215961,1188,62858.118716,0.11293351952595179,0.07114487090485508,22.238593,u
2217242,1188,62860.046797,0.12706580445634952,0.48278836547803766,17.0,y
2218476,1188,62863.179108,0.10059296390078862,0.0322242483277954,21.183417,r
2218518,1188,62863.200996,0.1101018668567244,0.034974184412436146,21.120833,r
2219013,1188,62864.127723,0.06666536819376666,0.02032856841383634,21.661204,g
2219054,1188,62864.149275,0.06977910043874452,0.019041887528908792,21.903511,g
2230249,1188,62883.09278,0.0592096208441198,0.043855452424416616,20.170466,i
2230286,1188,62883.110276,0.062061669480317085,0.04573117874206138,20.136873,i
2232532,1188,62887.12744,0.10822345415229963,0.034173258806701926,21.145395,r
2232572,1188,62887.148564,0.11970784961279098,0.037454085336627495,21.076702,r
2233809,1188,62889.060319,0.11535386418207479,0.07328515245729408,22.214183,u
2239621,1188,62897.137729,0.11126743701921475,0.08847349743727369,19.362992,i
2240145,1188,62898.029028,0.10708509721995584,0.28885852924821215,17.0,z
2240185,1188,62898.047702,0.11083864180773474,0.29444595714215277,17.0,z
2241081,1188,62906.122819,0.1316051331324876,0.4633457626088216,17.3,y
2242198,1188,62908.108754,0.13477661580406702,0.11751681045144977,18.944512,i
2246574,1188,62914.024723,0.13589862395318292,0.5058628606971055,17.0,y
2249227,1188,62919.07554,0.14496967898210295,0.04263516967316962,21.022403,r
2249254,1188,62919.088005,0.15724520403293177,0.04592902177740663,20.970078,r
2254696,1188,62926.05249,0.14976066544574593,0.09839458439450247,19.449191,i
2257968,1188,62931.013737,0.1874687447123824,0.387364302304324,17.0,z
2258005,1188,62931.030647,0.20397564962597092,0.24205830936103706,18.135524,z
2261996,1188,62937.013026,0.11053234194681846,0.472590291564076,17.0,y
2268906,1188,62946.014231,0.1335481201486607,0.03137100237834903,21.666143,g
2269793,1188,62946.994526,0.07205823409633048,0.38510255115434744,17.0,y
2270707,1188,62947.990983,0.07616302992169408,0.39556330392861155,17.0,y
2270747,1188,62948.008956,0.08538793360352766,0.3736591277422555,17.3,y
2347808,1188,63070.427586,0.12490224440527418,0.4131388113513247,17.937361,u
2348685,1188,63071.362247,0.1644311012683159,0.08350990615911431,19.936547,i
2348727,1188,63071.38209,0.14700597862950937,0.07557093501957493,20.010845,i
2351748,1188,63077.364074,0.1278301876587698,0.04515734455845547,20.708345,r
2351786,1188,63077.381373,0.11775352590277359,0.03573541217597587,21.141153,r
2356485,1188,63082.377773,0.094558296551358,0.1741874236367391,17.991853,z
2356531,1188,63082.400232,0.08764397459053959,0.1595923227682577,18.090678,z
2357454,1188,63083.351539,0.19810100510121711,0.5480714703953603,17.3,y
2359389,1188,63085.320144,0.18593658831881948,0.5459685114813304,17.3,y
2360610,1188,63086.425428,0.09984844931810201,0.27895541464014173,17.0,z
2360636,1188,63086.437481,0.09827610366400938,0.27650869699245634,17.0,z
2365492,1188,63096.378485,0.08099552000308495,0.027785434700071755,21.253689,r
2365534,1188,63096.398137,0.07806964700687417,0.026880218564258217,21.280254,r
2366994,1188,63100.288688,0.12158939487053326,0.07086059516012125,19.95882,i
2367701,1188,63101.294127,0.3361947985085567,0.04642094697088796,21.759465,g
2367736,1188,63101.310627,0.3096249698797764,0.04284151256564865,21.815206,g
2369325,1188,63107.27658,0.3936307087105056,0.19216628558235108,19.022706,i
2369352,1188,63107.288905,0.36937302771583996,0.17774541045017173,19.11157,i
2371538,1188,63110.255603,0.23515056275559476,0.6110950919423193,17.3,y
2373557,1188,63112.287787,0.1446561717197284,0.4626672891015442,17.3,y
2380281,1188,63122.269831,0.11834502944072896,0.035161322023830086,21.173108,r
2380317,1188,63122.286916,0.11160312454781735,0.03334488282742061,21.214405,r
2382006,1188,63124.218788,0.17228587010864613,0.04650242442969877,21.021599,r
2382036,1188,63124.232848,0.15894552042486013,0.043205277180223545,21.074918,r
2383869,1188,63126.242249,0.1260518007761611,0.08718865851609237,22.064837,u
2383886,1188,63126.249893,0.12189047523247229,0.08390317505477998,22.08795,u
2385998,1188,63131.399854,0.13850375214748115,0.3288125579368121,17.0,z
2387354,1188,63133.182383,0.17934782979868003,0.1728188837483982,18.76423,z
2387385,1188,63133.196514,0.16374061510491786,0.15593959274144964,18.876209,z
2389720,1188,63137.238728,0.09545203037063078,0.3714295016870384,17.3,y
2390071,1188,63138.2005,0.151074302972576,0.24202999713630563,17.799541,z
2390102,1188,63138.214547,0.1414659619985568,0.22747831134459678,17.853856,z
2393617,1188,63144.333211,0.15381137277637635,0.11565925636449699,19.040418,i
2393638,1188,63144.34475,0.15550043971621333,0.11669740417155497,19.034569,i
2393692,1188,63144.371066,0.1623222519266881,0.12086673641683879,19.011805,i
2395761,1188,63147.152751,0.1735109697205193,0.04705987785975424,21.008456,r
2395796,1188,63147.168619,0.1580842573138384,0.04322442210902672,21.069773,r
2396972,1188,63148.328026,0.16638168373845272,0.0392712202159831,21.162314,g
2397446,1188,63149.152489,0.19348685229038648,0.04903777940703502,21.029408,r
2397472,1188,63149.16429,0.18093862440558336,0.04612797563670446,21.073844,r
2400312,1188,63152.320894,0.3476422322281386,0.10454238305486321,20.197564,i
2400343,1188,63152.335051,0.3542833161446977,0.10266036302388233,20.265685,i
2400359,1188,63152.34235,0.3587637573756152,0.10417444506637916,20.248443,i
2400382,1188,63152.353004,0.36669374523141907,0.10645135544089183,20.227555,i
2401652,1188,63154.148697,0.25676670203970925,0.13177031849970203,22.006856,u
2404200,1188,63157.212775,0.3009324777049793,0.038794271035684565,21.945123,g
2404235,1188,63157.228751,0.2917298883927469,0.03766861008305737,21.967542,g
2406452,1188,63160.129769,0.2782860108998425,0.05959008373161677,20.984134,r
2406505,1188,63160.157334,0.24325367686256225,0.0510713332645459,21.151633,r
2408879,1188,63163.128159,0.1701726225261605,0.5102704227410888,17.3,y
2409686,1188,63164.117995,0.12406200478036579,0.43893801535527255,17.3,y
2411322,1188,63166.11754,0.14076819486202413,0.46518317191980596,17.3,y
2412947,1188,63168.139491,0.13776856980646182,0.4501035058485467,17.3,y
2414004,1188,63169.254783,0.10994297854542659,0.2491026775306894,17.348694,z
2414043,1188,63169.273884,0.11148824210422048,0.24999055209160992,17.357832,z
2415215,1188,63171.102643,0.21797361043933944,0.5795861457276683,17.3,y
2419993,1188,63186.063264,0.2099933405320068,0.11831374344941599,22.013878,u
2424406,1188,63192.07869,0.3070560887314947,0.07289356582394839,20.577191,r
2424453,1188,63192.104382,0.28237541165483093,0.06691310693326094,20.656691,r
2424998,1188,63193.021812,0.1737810103776476,0.37870827573941945,17.0,z
2425033,1188,63193.038666,0.15664763134473966,0.18700619582225245,18.41739,z
2428040,1188,63197.090856,0.09165093667506587,0.3612451255492389,17.3,y
2430792,1188,63201.041962,0.1309699581099991,0.3233758592226214,17.0,z
2430839,1188,63201.065683,0.11961265941386857,0.16596572050143218,18.351287,z
2435225,1188,63208.177531,0.23813314850557207,0.03388560122696243,21.974595,g
2435262,1188,63208.195856,0.24592006979444575,0.036846852484095964,21.81495,g
2437966,1188,63213.171577,0.14360372815729375,0.06736662585035827,20.195871,i
2437997,1188,63213.189629,0.14857910564507215,0.06943972554605511,20.171306,i
2442748,1188,63221.193352,0.1284799347233271,0.07086594709386387,19.970744,i
2442789,1188,63221.215925,0.1402797981701029,0.0793763629768974,19.829505,i
2447466,1188,63229.150499,0.10159942669496959,0.379638278742606,17.3,y
2447476,1188,63229.15501,0.10280960131790809,0.38257025080755164,17.3,y
